name,employees,code
mahle,6136,DE1
hugo boss,4165,DE1
lidl,3603,DE1
festo,3246,DE1
gft group,2772,DE1
m+w group,2376,DE1
mann+hummel group,1982,DE1
maquet getinge group,1831,DE1
sick,1683,DE1
heidelberg,1546,DE1
bertrandt,1482,DE1
carl zeiss vision,1407,DE1
freudenberg sealing technologies,1310,DE1
webasto,1296,DE1
ibm deutschland gmbh,1222,DE1
dekra,1176,DE1
daimler tss,1149,DE1
hartmann group,1089,DE1
eberspaecher,1064,DE1
leica biosystems,1052,DE1
zeiss group,1012,DE1
lbbw,989,DE1
mhp – a porsche company,979,DE1
university of heidelberg,943,DE1
selbstständig,940,DE1
ed. züblin ag,830,DE1
enbw energie baden-württemberg ag,783,DE1
dkfz german cancer research center,782,DE1
pepperl+fuchs,746,DE1
bechtle,746,DE1
swr,710,DE1
berner - experts with passion,662,DE1
personal assistant services,652,DE1
embl,620,DE1
trelleborg sealing solutions,619,DE1
rolls-royce power systems ag,616,DE1
mbtech group gmbh & co. kgaa,583,DE1
bizerba,548,DE1
freudenberg,540,DE1
evobus,528,DE1
fichtner consulting engineers,523,DE1
university of konstanz,523,DE1
marquardt group,522,DE1
walter ag (walter tools),498,DE1
ich ag,495,DE1
hansgrohe,479,DE1
ich,475,DE1
sas automotive,468,DE1
mhp,467,DE1
notariat,460,DE1
frei,457,DE1
automotive lighting,450,DE1
coperion,412,DE1
chg-meridian,403,DE1
voith industrial services,392,DE1
haufe group,390,DE1
ptv group,389,DE1
herrenknecht ag,387,DE1
mtu,370,DE1
rutronik electronics worldwide,357,DE1
horváth & partners management consultants,356,DE1
duravit ag,350,DE1
etas,347,DE1
bosch engineering gmbh,340,DE1
ernst & young j&m management consulting gmbh,339,DE1
karatbars international,326,DE1
conductix-wampfler group,323,DE1
eberhard karls universität tübingen,317,DE1
bis salamis (m&i),304,DE1
gelita,298,DE1
corden pharma - a full-service cdmo,298,DE1
infotec,296,DE1
kavo dental,293,DE1
musikschule,285,DE1
eissmann group automotive,279,DE1
ecole maternelle,279,DE1
sto se & co. kgaa,274,DE1
mackevision,271,DE1
u.s. european command,270,DE1
bürkert fluid control systems,266,DE1
university of freiburg,266,DE1
fuchs petrolub group,264,DE1
vetter pharma-fertigung gmbh & co. kg,262,DE1
pilz,257,DE1
all for one steeb ag,254,DE1
avira,252,DE1
hima,245,DE1
"wild flavors, inc.",238,DE1
schunk,237,DE1
sfeir,235,DE1
freudenberg filtration technologies,233,DE1
ggh,230,DE1
pharmalex,225,DE1
vector informatik gmbh,223,DE1
putzmeister,221,DE1
versicherungsmakler,212,DE1
gmg,208,DE1
universität ulm,206,DE1
cenit,205,DE1
prettl group,198,DE1
siemens,87381,DE2
continental,28156,DE2
allianz,18824,DE2
siemens healthcare,18436,DE2
adidas,18402,DE2
bmw group,18063,DE2
sandoz,8315,DE2
gfk,7104,DE2
schaeffler,6151,DE2
the linde group,5937,DE2
audi ag,5425,DE2
media markt,4985,DE2
bosch rexroth,4645,DE2
puma,4424,DE2
osram,4237,DE2
unify,3515,DE2
leoni,3263,DE2
man diesel & turbo,3223,DE2
brose group,2799,DE2
tüv süd,2739,DE2
munich re (group),2603,DE2
knorr-bremse,2562,DE2
bsh home appliances group,2438,DE2
allianz global corporate & specialty (agcs),2380,DE2
european patent office,2222,DE2
rohde & schwarz,2176,DE2
praxis heilpraktiker für psychotherapie,2089,DE2
hypovereinsbank - unicredit bank ag,1990,DE2
roland berger,1946,DE2
rehau,1946,DE2
porsche,1945,DE2
technische universität münchen,1770,DE2
dachser se,1703,DE2
bosch security systems,1695,DE2
peri,1616,DE2
dräxlmaier group,1561,DE2
wacker chemie,1556,DE2
solid system team gmbh,1521,DE2
krones ag,1478,DE2
giesecke & devrient,1477,DE2
knauf,1375,DE2
arztpraxis,1338,DE2
bsh home appliances group,1255,DE2
allianz technology,1207,DE2
"durr systems, inc.",1029,DE2
epcos,1006,DE2
tüv süd,1001,DE2
kromberg & schubert,971,DE2
"coriant, inc.",961,DE2
sap hybris,862,DE2
eagleburgmann,795,DE2
suse,745,DE2
elektrobit (eb),725,DE2
brainlab,703,DE2
wacker neuson se,686,DE2
prosiebensat.1 media se,679,DE2
adidas group,663,DE2
kuka robotics,650,DE2
tu münchen,641,DE2
qimonda,636,DE2
deloitte deutschland,634,DE2
sellbytel group,630,DE2
bayer technology services,599,DE2
msg systems ag,583,DE2
hemmersbach gmbh & co. kg,581,DE2
fraunhofer-gesellschaft,562,DE2
sky deutschland gmbh,552,DE2
harting,531,DE2
multivac group,526,DE2
dassault systèmes 3dexcite,505,DE2
ebv elektronik,462,DE2
kontron,447,DE2
westwing home & living,426,DE2
university of bayreuth,424,DE2
s.oliver bernd freier gmbh & co. kg,422,DE2
zollner elektronik ag,411,DE2
check24 vergleichsportal,409,DE2
helmholtzzentrum münchen,406,DE2
cancom,402,DE2
logwin air+ocean,394,DE2
university of regensburg,382,DE2
wittur group,379,DE2
bericap,378,DE2
university of bielefeld,377,DE2
noerr llp,372,DE2
semikron,371,DE2
giesecke+devrient currency technology,363,DE2
flughafen münchen gmbh,347,DE2
arri,347,DE2
premium aerotec,338,DE2
media-saturn,337,DE2
preh group,327,DE2
hilti germany,323,DE2
h.c. starck,320,DE2
amway europe,319,DE2
zooplus ag,311,DE2
friedrich-alexander-universität erlangen-nürnberg,309,DE2
serviceplan group,308,DE2
eac,305,DE2
sam solutions,296,DE2
bayer healthcare,12558,DE3
zalando se,3389,DE3
deutsche bahn,2845,DE3
springer nature,2541,DE3
biotronik,1999,DE3
charité,1733,DE3
freie universität berlin,1531,DE3
humboldt-universität zu berlin,1260,DE3
axel springer se,1178,DE3
hellofresh,1113,DE3
kpmg deutschland,1002,DE3
iav gmbh,832,DE3
atotech group,802,DE3
technische universität berlin,778,DE3
foodpanda,692,DE3
auto1,667,DE3
!k7 records,655,DE3
rocket internet se,596,DE3
stepstone,575,DE3
db engineering & consulting gmbh,574,DE3
foodora,567,DE3
airberlin,545,DE3
system one,525,DE3
ohne,518,DE3
steuerberater,498,DE3
bundeswehr wir. dienen. deutschland.,448,DE3
delivery hero,419,DE3
soundcloud,407,DE3
storck,388,DE3
native instruments,362,DE3
lufthansa intouch,341,DE3
babbel,324,DE3
max delbrück center,316,DE3
architect / interior designer,313,DE3
cms hasche sigle,304,DE3
victoria,283,DE3
ovb vermögensberatung ag,279,DE3
idealo internet gmbh,276,DE3
transparency international,273,DE3
getyourguide,272,DE3
immobilienscout24,269,DE3
bosch software innovations,268,DE3
climate-kic,265,DE3
home24 ag,252,DE3
atheneum,247,DE3
european youth parliament (eyp),245,DE3
n26 group,243,DE3
n.n.,236,DE3
germany trade & invest,233,DE3
quandoo,231,DE3
de gruyter,226,DE3
ableton,226,DE3
mobisol group,224,DE3
bmg - the new music company,224,DE3
bundesanstalt für materialforschung und -prüfung,221,DE3
researchgate,220,DE3
leonardo hotels,218,DE3
goeuro,215,DE3
weltn24 gmbh,213,DE3
chiltern railways,211,DE3
ver.di,202,DE3
helmholtz zentrum berlin,202,DE3
freiberufler,200,DE3
taxi drivers,191,DE3
fyber,188,DE3
wbs training ag,188,DE3
aperto - an ibm company,188,DE3
hengeler mueller,186,DE3
bmg - the new music company,184,DE3
zalando lounge,181,DE3
adjust.com,180,DE3
un world food programme wfp,180,DE3
kde,178,DE3
applift,175,DE3
kcr,174,DE3
visual meta gmbh,170,DE3
4flow,169,DE3
ecovis international,168,DE3
bundesdruckerei,163,DE3
gw,162,DE3
ruptly,162,DE3
beckers group,161,DE3
blacklane,160,DE3
wooga,159,DE3
bild gmbh & co. kg,159,DE3
c3 creative code and content gmbh,158,DE3
sociomantic labs,154,DE3
universität der künste berlin,154,DE3
spark networks,152,DE3
devk versicherungen,152,DE3
glispa global group,149,DE3
wellstar,148,DE3
mytoys group,148,DE3
germania airlines (fluggesellschaft),146,DE3
fraunhofer fokus,145,DE3
heimat werbeagentur gmbh,139,DE3
]init[ - services for the esociety,139,DE3
kieback&peter,137,DE3
institute for cultural diplomacy,134,DE3
gch hotel group,133,DE3
burger king®,478,DE4
university of potsdam,379,DE4
btu cottbus,264,DE4
gfz-potsdam,191,DE4
hasso plattner institute,189,DE4
pas,161,DE4
deutsche rentenversicherung,145,DE4
ihp,125,DE4
continentale krankenversicherung a.g:,120,DE4
european university viadrina,107,DE4
friedrich-naumann-stiftung für die freiheit,107,DE4
ufa serial drama gmbh,101,DE4
pik - potsdam institute for climate impact research,99,DE4
art department,92,DE4
filmuniversität babelsberg konrad wolf,82,DE4
deutsche rentenversicherung berlin brandenburg auskunfts- und beratungsstelle,76,DE4
ufa gmbh,73,DE4
kik textilien und non-food gmbh,71,DE4
leonhard ventures,66,DE4
enertrag ag,61,DE4
lekam,52,DE4
mba universität potsdam,51,DE4
spitzke se,49,DE4
meab (middle east & africa bank),49,DE4
seerene,47,DE4
vem,44,DE4
german institute of human nutrition potsdam-rehbruecke,44,DE4
leibniz-institut für astrophysik potsdam (aip),43,DE4
flightright,42,DE4
reinike s. a.,41,DE4
zeppelin rental gmbh & co. kg,41,DE4
tertia berufsförderung gmbh & co. kg bildungsträger,40,DE4
stadt frankfurt,40,DE4
natgas ag,39,DE4
ingenieurbüro,38,DE4
biella,36,DE4
orafol europe gmbh,34,DE4
facton,34,DE4
igefa handelsgesellschaft mbh & co. kg,33,DE4
arlanis reply ag,32,DE4
aktive rentner,32,DE4
smi sensomotoric instruments gmbh,31,DE4
volkswagen group future center europe gmbh,31,DE4
media partisans,30,DE4
reflexite corporation,29,DE4
isqi gmbh,29,DE4
lkk,27,DE4
asgoodasnew electronics gmbh,27,DE4
handels- und dienstleistungsunternehmen,26,DE4
aleo solar,26,DE4
charles vögele trading ag,25,DE4
th wildau [fh],24,DE4
hvt,22,DE4
institute for advanced sustainability studies (iass),22,DE4
mounting systems gmbh,21,DE4
ebay kleinanzeigen,21,DE4
anecom aerotest,20,DE4
arvato direct services potsdam gmbh,20,DE4
komoot,20,DE4
ii-vi highyag,19,DE4
leval sa,19,DE4
grey labelz gmbh,19,DE4
securitas gmbh sicherheitsdienste,18,DE4
havelland kliniken gmbh,17,DE4
verti versicherung ag,17,DE4
way systems,16,DE4
f&p stock solution gmbh,16,DE4
tlc construction,16,DE4
hps gesundheitscloud ggmbh,16,DE4
health focus gmbh,16,DE4
hochschule für musik hanns eisler,15,DE4
friedrich-naumann-stiftung für die freiheit,15,DE4
volkswagen design center potsdam gmbh,15,DE4
smacc gmbh,15,DE4
asklepios fachklinikum,15,DE4
energiequelle,15,DE4
d-labs gmbh,14,DE4
derdack gmbh,14,DE4
ib-bank-systems gmbh,14,DE4
analyticon discovery,14,DE4
cockpit4u aviation service,14,DE4
pck raffinerie gmbh,13,DE4
tourismus-marketing + pr,13,DE4
allbau software,13,DE4
medienboard berlin-brandenburg gmbh,13,DE4
5pro software,13,DE4
paulcamper,13,DE4
alblas int. transport b.v.,13,DE4
porcelaingres gmbh,13,DE4
fti engineering network gmbh,13,DE4
studio babelsberg,13,DE4
landeshauptstadt potsdam,13,DE4
lr medienverlag und druckerei gmbh,12,DE4
terrot gmbh,12,DE4
ems - electronic media school / schule für elektronische medien gmbh,12,DE4
institute bruno schmaeling consulting group,12,DE4
valsight gmbh,12,DE4
interstuhl büromöbel,12,DE4
bbis berlin brandenburg international school,12,DE4
dls land und see speditionsgesellschaft mbh,12,DE4
university of bremen,805,DE5
kaefer,710,DE5
jacobs university bremen,360,DE5
röhlig logistics,340,DE5
ohb system,281,DE5
hochschule bremen,227,DE5
blg logistics group ag & co. kg,206,DE5
atlas elektronik,135,DE5
psm company,118,DE5
hansa-flex ag,111,DE5
igel technology,108,DE5
abat,102,DE5
hmmh multimediahaus ag,91,DE5
saacke gmbh,91,DE5
ohb system,85,DE5
radio bremen,84,DE5
deutsche windtechnik ag,80,DE5
eurogate group,79,DE5
dylangroup,73,DE5
"marum - center for marine environmental sciences, university of bremen",73,DE5
svl,65,DE5
gesundheit nord - klinikverbund bremen,64,DE5
inros lackner ag,63,DE5
bego bremer goldschlägerei wilh. herbst gmbh & co. kg,61,DE5
noi,58,DE5
leschaco - lexzau scharbau gmbh & co. kg,57,DE5
allgeier enterprise services ag,56,DE5
levant,55,DE5
contact software,54,DE5
fr. lürssen werft gmbh & co. kg,54,DE5
vector foiltec,53,DE5
salt and pepper,52,DE5
unicar,51,DE5
team neusta unternehmensgruppe,51,DE5
cts eventim solutions gmbh,49,DE5
max planck institute for marine microbiology,46,DE5
sgs germany gmbh,46,DE5
ipsen logistics gmbh,44,DE5
winit,43,DE5
wpd offshore solutions gmbh,42,DE5
swb ag,39,DE5
fraunhofer mevis,39,DE5
sloman neptun shipping & transport gmbh,34,DE5
not founded yet,34,DE5
dbh logistics it ag,33,DE5
allgeier it solutions gmbh,33,DE5
bips,32,DE5
nuevo softwarehouse,32,DE5
construktiv gmbh,31,DE5
bego implant systems gmbh & co. kg,30,DE5
svb,30,DE5
meissner bolte,29,DE5
nordsee gmbh,29,DE5
c. melchers gmbh & co. kg,28,DE5
biba - bremer institut für produktion und logistik gmbh,28,DE5
bremen international graduate school of social sciences,28,DE5
leibniz center for tropical marine ecology (zmt) gmbh,28,DE5
fun factory gmbh,27,DE5
weiss-rohlig india private ltd.,26,DE5
deutsche see gmbh,26,DE5
mevis medical solutions ag,25,DE5
die sparkasse bremen ag,25,DE5
flyline tele sales & services gmbh (british airways),25,DE5
pandi,24,DE5
hec gmbh,23,DE5
scalors gmbh,23,DE5
reetec gmbh,23,DE5
bvl international - bundesvereinigung logistik (bvl) e.v.,23,DE5
sikora ag,23,DE5
bremen motors sa,22,DE5
rts wind ag,22,DE5
bühnen gmbh,21,DE5
hansa management services private limited,20,DE5
german tanker shipping group,20,DE5
bremer kreditbank ag,20,DE5
gestra ag,20,DE5
traum-ferienwohnungen gmbh,19,DE5
g.o. cross media production,19,DE5
sv werder bremen gmbh & co kg aa,19,DE5
theater bremen gmbh,18,DE5
interwall gmbh,17,DE5
zero clothing gmbh & co. kg,17,DE5
adler solar services gmbh,17,DE5
nehlsen gmbh & co. kg,16,DE5
bias,16,DE5
bremedia produktion gmbh,16,DE5
mondelez deutschland,16,DE5
ubimax gmbh,15,DE5
bremer tageszeitungen ag,15,DE5
weserwind gmbh offshore construction georgsmarienhütte,15,DE5
klöckner desma gmbh,14,DE5
media company,14,DE5
carl büttner gmbh & co. kg,14,DE5
harren & partner,14,DE5
zeaborn gmbh & co. kg,14,DE5
bremer bereederungsges. mbh & co. kg,14,DE5
interhomes ag,14,DE5
gcp-service international,14,DE5
hochschule für künste bremen,14,DE5
wearhealth,13,DE5
beiersdorf,4541,DE6
hapag-lloyd ag,2478,DE6
lufthansa technik ag,2147,DE6
engel & völkers,2041,DE6
hamburg süd,1638,DE6
bsn medical,1380,DE6
nordex / acciona windpower,1336,DE6
otto (gmbh & co kg),1196,DE6
jungheinrich ag,1086,DE6
montblanc,941,DE6
university of hamburg,847,DE6
germanischer lloyd,710,DE6
ece,669,DE6
edeka aktiengesellschaft,588,DE6
xing,584,DE6
evotec,581,DE6
senvion gmbh,562,DE6
berenberg,561,DE6
gfa consulting group gmbh,491,DE6
hsh nordbank,480,DE6
aurubis ag,462,DE6
olympus europe,453,DE6
desy,450,DE6
gruner + jahr gmbh & co kg,433,DE6
tom tailor group,421,DE6
hoyer group,389,DE6
oiltanking gmbh,379,DE6
eppendorf ag,356,DE6
scholz & friends,354,DE6
techniker krankenkasse,354,DE6
f.h. bertling,353,DE6
jung von matt,338,DE6
tui cruises gmbh,325,DE6
kanzlei,306,DE6
deutsche presse-agentur,304,DE6
innogames gmbh,289,DE6
publicis pixelpark,288,DE6
uke,278,DE6
hamburger sparkasse,268,DE6
dea deutsche erdoel ag,261,DE6
bauer media group,251,DE6
a. hartrodt,246,DE6
alten technology,244,DE6
hamburg university of applied sciences,242,DE6
still gmbh,240,DE6
bigpoint gmbh,239,DE6
tecis finanzdienstleistungen ag,237,DE6
sinnerschrader,235,DE6
goodgame studios,232,DE6
mytaxi - the taxi app,231,DE6
muehlhan group,226,DE6
fischerappelt,216,DE6
fms - fr. meyer's sohn,208,DE6
bdo germany,196,DE6
la prairie,193,DE6
kreditech holding ssl gmbh,179,DE6
mondial,166,DE6
freie und hansestadt hamburg,158,DE6
statista global,157,DE6
jungheinrich uk ltd,155,DE6
rieckermann,154,DE6
hansemerkur,152,DE6
prinovis ltd. & co. kg,151,DE6
spiegel online,148,DE6
about you gmbh,147,DE6
hermes germany gmbh,145,DE6
ksp,142,DE6
stulz gmbh,141,DE6
wer liefert was? gmbh,140,DE6
carnival maritime gmbh,137,DE6
albis plastic gmbh,137,DE6
hamburg port authority (hpa) anstalt öffentlichen rechts,136,DE6
mondia media group,135,DE6
minebea intec,135,DE6
hauni maschinenbau ag,131,DE6
dreamlines,131,DE6
velox,130,DE6
school of life,129,DE6
m.m.warburg & co,128,DE6
conergy ag,128,DE6
thjnk,125,DE6
cognizant solutions gmbh,124,DE6
hafencity universität hamburg,119,DE6
kolle rebbe gmbh,115,DE6
roever broenner susat mazars,113,DE6
manager magazin,112,DE6
pilot-group,110,DE6
hhla,110,DE6
schulke & mayr,109,DE6
funk,108,DE6
seca,107,DE6
rofin,107,DE6
bucerius law school,106,DE6
serrala,105,DE6
universität hamburg,105,DE6
grabarz & partner,101,DE6
p3 voith aerospace gmbh,99,DE6
aquila capital,98,DE6
deposit solutions gmbh,93,DE6
steinberg media technologies gmbh,90,DE6
deutsche bank,37595,DE7
t-systems,11532,DE7
merck group,8140,DE7
lufthansa,6505,DE7
fresenius kabi,4629,DE7
merck serono,3056,DE7
b. braun group,2645,DE7
software ag,2592,DE7
lsg sky chefs,2351,DE7
allianz global investors,2016,DE7
european central bank,1995,DE7
"merck kgaa, darmstadt, germany",1740,DE7
my company,1441,DE7
heraeus,1371,DE7
leica microsystems,1222,DE7
lufthansa cargo,1196,DE7
procredit bank,1134,DE7
fresenius medical care,991,DE7
dvag,991,DE7
pwc deutschland,963,DE7
kfw,951,DE7
deutsche börse,913,DE7
r+v versicherung,875,DE7
fraport ag,869,DE7
vibracoustic,841,DE7
wintershall,807,DE7
edag,790,DE7
norma group,786,DE7
lufthansa systems,783,DE7
merz pharma,708,DE7
döhlergroup,657,DE7
bosch service solutions,642,DE7
tcs,631,DE7
abcd,630,DE7
deutsche bundesbank,550,DE7
dekabank deutsche girozentrale,548,DE7
technische universität darmstadt,547,DE7
the same,532,DE7
fresenius kabi,526,DE7
dfs deutsche flugsicherung gmbh,508,DE7
sma solar technology ag,500,DE7
chemetall,493,DE7
justus liebig universität gießen,487,DE7
messe frankfurt gmbh,483,DE7
db systel gmbh,450,DE7
stada,449,DE7
philipps-universität marburg,444,DE7
frankfurt school of finance & management,443,DE7
condor flugdienst gmbh,443,DE7
airplus international,441,DE7
ing-diba,438,DE7
hessischer rundfunk,411,DE7
schenck process,393,DE7
deutsche vermögensberatung ag,390,DE7
union investment,386,DE7
cws-boco,384,DE7
merck serono,377,DE7
crytek,373,DE7
iquest group,367,DE7
osd,352,DE7
eumetsat,347,DE7
bmo,343,DE7
brita group,341,DE7
accenture dach,322,DE7
hochschule fresenius university of applied sciences,321,DE7
ineos styrolution,300,DE7
m.i.t e-solutions gmbh,290,DE7
merck life science,274,DE7
techem energy services gmbh,271,DE7
aupairworld,269,DE7
lsg sky chefs,269,DE7
dvb bank se,268,DE7
lahmeyer international,267,DE7
commerz systems gmbh,253,DE7
finanz informatik gmbh & co kg,246,DE7
bosch service solutions,243,DE7
internationaler bund (ib),243,DE7
goodyear dunlop tires germany gmbh,243,DE7
pfeiffer vacuum,238,DE7
berlitz deutschland gmbh,237,DE7
lhs,237,DE7
airbridgecargo airlines llc,237,DE7
randstad deutschland,229,DE7
leica camera ag,227,DE7
sva system vertrieb alexander gmbh,226,DE7
eleve,224,DE7
d-fine gmbh,222,DE7
syzygy,219,DE7
steigenberger hotels ag,217,DE7
almatis,215,DE7
miebach consulting,213,DE7
messer group,212,DE7
bosch thermotechnik gmbh,212,DE7
frankfurt university of applied sciences,212,DE7
frankfurter allgemeine zeitung,211,DE7
rittal gmbh & co. kg,211,DE7
robert bosch venture capital gmbh (rbvc),210,DE7
mewa textil-management,202,DE7
cbm international,199,DE7
messer cutting systems,188,DE7
university of rostock,493,DE8
centogene ag,107,DE8
i:fao,92,DE8
bps (suisse),78,DE8
zumkowski trading ltd,57,DE8
gkm,55,DE8
hochschule wismar - fakultät für wirtschaftswissenschaften,47,DE8
nordic yards,46,DE8
siv.ag,45,DE8
alltec gmbh (foba laser marking + engraving),45,DE8
axiros,38,DE8
xoxo,32,DE8
cheplapharm arzneimittel gmbh,26,DE8
liebherr maritime cranes,26,DE8
alltec,26,DE8
a-rosa river cruises,25,DE8
yale school of medicine,25,DE8
leibniz institute for plasma science and technology (inp greifswald) e.v.,25,DE8
neue warnow design&technology gmbh,23,DE8
dvz datenverarbeitungszentrum mecklenburg-vorpommern gmbh,22,DE8
aam it gmbh,22,DE8
hanseyachts ag,22,DE8
debeka versicherungen bausparkasse,19,DE8
spheros europa gmbh,18,DE8
ocean insights,17,DE8
optimal media production gmbh,16,DE8
neptun ship design,16,DE8
wiro,15,DE8
arbeitslosenverband deutschland e.v.,15,DE8
mecklenburgisches staatstheater schwerin ggmbh,14,DE8
mandarin medien,13,DE8
wemag ag,13,DE8
volkstheater rostock gmbh,13,DE8
emh metering gmbh & co kg,13,DE8
wings wismar international graduation services gmbh,13,DE8
windparkservice gmbh,12,DE8
klöpferholz gmbh & co. kg,12,DE8
scandlines deutschland gmbh,12,DE8
ilim timber bavaria gmbh,12,DE8
keramik,12,DE8
xoxo ltd,12,DE8
jackon gmbh,12,DE8
tourismusverband mecklenburg-vorpommern e.v.,11,DE8
trebing & himstedt prozeßautomation gmbh & co. kg,11,DE8
grone bildungszentrum für gesundheits- und sozialberufe gmbh,11,DE8
hochschule für musik und theater rostock,11,DE8
airsense analytics gmbh,11,DE8
rst rostock system-technik gmbh,10,DE8
sundair,10,DE8
wkda holding gmbh,9,DE8
tws tankcontainer-leasing gmbh & co. kg,9,DE8
ift institut für talententwicklung gmbh,9,DE8
heinrich böll stiftung,9,DE8
raden,9,DE8
ostseesparkasse rostock,9,DE8
sear gmbh,8,DE8
mmg - mecklenburger metallguss gmbh,8,DE8
eno,8,DE8
garten landschaftsbau,8,DE8
kaufmännische berufsschule,8,DE8
martin membrane systems ag,8,DE8
förderschule mit dem förderschwerpunkt geistige entwicklung schule an der bleiche,8,DE8
seehafen wismar gmbh,8,DE8
berufliche schule,7,DE8
klinikum südstadt rostock,7,DE8
rechtsanwatskanzlei,7,DE8
sonderpädagogisches förderzentrum,7,DE8
albert-schweitzer-gymnasium,7,DE8
infront germany gmbh,7,DE8
data experts gmbh,7,DE8
straßen- und tiefbau,7,DE8
fleetmon.com,7,DE8
advocado,7,DE8
neptun werft gmbh,6,DE8
1a-handelsagentur,6,DE8
sabik offshore a carmanah company,6,DE8
rono maschinenbau gmbh,6,DE8
e.no,6,DE8
mts perforator gmbh,6,DE8
europäische fachhochschule eufh med,6,DE8
aquality international,6,DE8
d.b.s. s.r.l.,6,DE8
sea level,6,DE8
kervita betriebs gmbh,6,DE8
ihk zu rostock,6,DE8
cerascreen,6,DE8
video games uncovered (vgu),5,DE8
sws | consulting,5,DE8
hepster,5,DE8
se.gi real estate,5,DE8
clausohm-software gmbh,5,DE8
seetel hotels usedom,5,DE8
anklam extrakt gmbh,5,DE8
wiro wohnen in rostock wohnungsgesellschaft mbh,5,DE8
dst diagnostische systeme & technologien gmbh,5,DE8
vorpommersche landesbühne gmbh,5,DE8
helios hanseklinikum stralsund gmbh,5,DE8
pc spezialist,5,DE8
innocademy®,5,DE8
kranken- und altenpflege,5,DE8
volkswagen ag,8603,DE9
tui,6005,DE9
symrise,2030,DE9
volkswagen financial services,1795,DE9
hannover re,893,DE9
enercon gmbh,892,DE9
ottobock healthcare,767,DE9
tüv nord group,663,DE9
"leibniz universität hannover, germany",644,DE9
tu braunschweig,632,DE9
sennheiser,623,DE9
e.on business services,580,DE9
kws group,524,DE9
hdi global se,474,DE9
kkh,421,DE9
georg-august-universität göttingen,361,DE9
nord/lb,343,DE9
aventics,340,DE9
konica minolta business solutions europe gmbh,334,DE9
universitätsmedizin göttingen,286,DE9
wipak,259,DE9
cewe stiftung & co. kgaa,258,DE9
carl von ossietzky university of oldenburg,254,DE9
btc - business technology consulting ag,254,DE9
mtu maintenance,239,DE9
autovision gmbh (ein unternehmen im volkswagen konzern),237,DE9
bahlsen,211,DE9
deutsche messe ag,204,DE9
ricoh germany,200,DE9
"physikalisch-technische bundesanstalt, ptb",198,DE9
dynapac,192,DE9
ebs limited,190,DE9
konica minolta business solutions deutschland gmbh,185,DE9
werum it solutions,173,DE9
forbo movement systems,171,DE9
university of osnabrueck,167,DE9
"talanx , hannover",164,DE9
scania industrial maintenance ab,160,DE9
angelas masche,160,DE9
bbc chartering,155,DE9
sycor,155,DE9
kvhs,152,DE9
dbe,151,DE9
meyer werft papenburg,144,DE9
ewe tel gmbh,141,DE9
bildung,141,DE9
dmk deutsches milchkontor gmbh,136,DE9
hdi sigorta a.s.,131,DE9
sumitomo electric bordnetze se,129,DE9
kek,129,DE9
airobotics,121,DE9
mast-jägermeister se,121,DE9
salzgitter ag,118,DE9
universität hildesheim,118,DE9
vhv versicherungen,114,DE9
heise medien gmbh & co. kg,111,DE9
landeshauptstadt hannover,111,DE9
mobile.de gmbh,105,DE9
dtb,105,DE9
gom - optical measuring techniques,105,DE9
nordzucker ag,103,DE9
santa lucia,101,DE9
volkswagen group services gmbh,101,DE9
focke & co,101,DE9
h&d international group,100,DE9
dedon,99,DE9
grimme,99,DE9
"industriegewerkschaft bergbau, chemie, energie (ig bce)",98,DE9
swiss life select deutschland,96,DE9
lpkf laser & electronics ag,95,DE9
bentec gmbh drilling & oilfield systems,94,DE9
felix schoeller group,94,DE9
cbr fashion group,92,DE9
budnik,90,DE9
keymile,88,DE9
offis - institute for information technology,84,DE9
c&s,83,DE9
ibb institut für berufliche bildung ag,83,DE9
stadtwerke hannover ag,83,DE9
hdi-gerling industrie versicherung ag,83,DE9
nsb niederelbe schiffahrtsgesellschaft mbh & co. kg,82,DE9
inpro electric,80,DE9
dunlop oil & marine ltd.,78,DE9
fahrzeugwerk bernard krone gmbh,78,DE9
"volkswagen finance china co., ltd. & volkswagen new mobility service co., ltd.",76,DE9
stiebel eltron gmbh & co. kg,76,DE9
kks,76,DE9
iberotel,72,DE9
madsack mediengruppe,71,DE9
autostadt gmbh,70,DE9
seat sport,70,DE9
benecke-kaliko ag,69,DE9
schnellecke logistics ag & co. kg,69,DE9
hy-line international,68,DE9
bauking ag,65,DE9
saturn petcare,65,DE9
deutsche hypothekenbank (actien-gesellschaft),65,DE9
oldenburgische landesbank ag,64,DE9
orgadata ag,64,DE9
.dat,64,DE9
dhl,42501,DEA
bayer,17592,DEA
db schenker,12210,DEA
henkel,11222,DEA
dhl supply chain,9617,DEA
c&a,8800,DEA
bayer cropscience,8034,DEA
thyssenkrupp,7572,DEA
e.on,7079,DEA
deutsche telekom,6316,DEA
bayer materialscience,5182,DEA
hella,4962,DEA
lanxess,2737,DEA
deutsche post,2627,DEA
private sector,2360,DEA
qiagen,2174,DEA
vorwerk group,2113,DEA
brenntag,2089,DEA
sqs group,2024,DEA
esprit,1836,DEA
rwth aachen university,1753,DEA
lr health & beauty systems gmbh,1741,DEA
bayer business services,1599,DEA
dlr,1539,DEA
innogy se,1511,DEA
ergo versicherungsgruppe ag,1511,DEA
ford-werke gmbh,1464,DEA
rhenus logistics,1425,DEA
rewe group,1404,DEA
tüv rheinland ag,1393,DEA
kostal group,1363,DEA
phoenix contact,1357,DEA
university of cologne,1292,DEA
grünenthal group,1267,DEA
itelligence,1149,DEA
claas,1112,DEA
beumer group,1086,DEA
deutsche welle,1053,DEA
p3 group,971,DEA
kautex textron,955,DEA
mubea,949,DEA
trivago,945,DEA
asd,879,DEA
simon-kucher & partners,865,DEA
forschungszentrum jülich,851,DEA
grünenthal,840,DEA
university of muenster,824,DEA
rheinmetall denel munition,816,DEA
ferchau engineering,784,DEA
pfa,760,DEA
bertelsmann,745,DEA
fläkt woods group,745,DEA
hochtief,737,DEA
wdr,729,DEA
gerresheimer,664,DEA
schüco international kg,651,DEA
arvato scm solutions,651,DEA
hornbach baumarkt ag,636,DEA
welthungerhilfe,605,DEA
miltenyi biotec,594,DEA
krohne group,594,DEA
formel d group,576,DEA
parfümerie douglas,572,DEA
metro ag,564,DEA
arag,560,DEA
hrs - the hotel portal,551,DEA
rwe supply & trading gmbh,550,DEA
netcologne,548,DEA
detecon international gmbh,540,DEA
targobank,520,DEA
access,510,DEA
ifm electronic gmbh,508,DEA
united nations volunteers,503,DEA
unitymedia,498,DEA
beckhoff automation,480,DEA
scheidt & bachmann,466,DEA
easa - european aviation safety agency,466,DEA
beeline group (fashion accessories),466,DEA
rechtsanwaltskanzlei,462,DEA
aldi süd,457,DEA
land nrw,452,DEA
gothaer,450,DEA
zeb consulting,444,DEA
mauser,438,DEA
same,426,DEA
ista,425,DEA
getrag ford transmissions,407,DEA
adesso ag,405,DEA
daad german academic exchange service,400,DEA
behr-hella thermocontrol (bhtc),395,DEA
kelvion,377,DEA
university of paderborn,375,DEA
xella group,349,DEA
"hp pelzer, north america",342,DEA
esl - turtle entertainment,338,DEA
ifb,337,DEA
hettich group,336,DEA
rle international group,333,DEA
tmd friction,327,DEA
unfccc,319,DEA
basf,29673,DEB
boehringer ingelheim,19989,DEB
ksb company,1504,DEB
schott,1276,DEB
zdf,1073,DEB
1&1 internet ag,893,DEB
johannes gutenberg-universität mainz,743,DEB
jf hillebrand global beverage logistics,705,DEB
db cargo ag,376,DEB
stabilus,328,DEB
basf petronas chemicals sdn. bhd.,325,DEB
lohmann & rauscher,307,DEB
deg,276,DEB
whu - otto beisheim school of management,242,DEB
keiper,206,DEB
debeka,196,DEB
wirtgen group,183,DEB
lohmann gmbh & co. kg,171,DEB
bomag gmbh,154,DEB
she,142,DEB
rkw se,132,DEB
max planck institute for polymer research,123,DEB
pm-international ag,113,DEB
pfw aerospace gmbh,112,DEB
chemische fabrik budenheim,112,DEB
max planck institute for psycholinguistics,107,DEB
shd,101,DEB
stadt köln,100,DEB
canyon bicycles gmbh,96,DEB
proalpha,95,DEB
biontech ag,93,DEB
gip,90,DEB
schottel,87,DEB
ibis styles,84,DEB
htt,83,DEB
academy cube - bildung und forschung für die digitale zukunft,79,DEB
fraunhofer itwm,78,DEB
midas pharma,71,DEB
pfisterer kontaktsysteme gmbh,69,DEB
itk,67,DEB
geutebruck gmbh,67,DEB
gastronomie geflüster,66,DEB
juwi holding ag,65,DEB
gebr. pfeiffer se,64,DEB
heuft systemtechnik gmbh,62,DEB
techn. university of kaiserslautern / tu,62,DEB
saitow ag,62,DEB
axit - a siemens company,62,DEB
parts europe,61,DEB
university of koblenz-landau,59,DEB
malteser hilfsdienst gemeinnützige gmbh,56,DEB
btc europe,55,DEB
vecoplan ag,54,DEB
elastomer solutions group,52,DEB
empolis information management gmbh,50,DEB
bd rowa germany gmbh,49,DEB
wirtgen china,48,DEB
technische universität kaiserslautern,47,DEB
bfe studio und medien systeme gmbh,46,DEB
ansorg gmbh,45,DEB
hochwald foods gmbh,44,DEB
hochschule worms,44,DEB
kfz handel,43,DEB
debeka krankenversicherungsverein a.g.,43,DEB
hochschule koblenz (koblenz university of applied sciences),42,DEB
griesson - de beukelaer gmbh & co. kg,42,DEB
mainz university of applied sciences,42,DEB
wolfcraft,42,DEB
fraunhofer iese (institute for experimental software engineering),42,DEB
dr. fischer europe,42,DEB
wipotec-ocs,41,DEB
verlagsgruppe rhein main gmbh & co. kg,41,DEB
polizeidirektion,41,DEB
institute of molecular biology (imb),40,DEB
luxspace sarl,40,DEB
max-planck-institut für chemie,39,DEB
inp deutschland gmbh,39,DEB
zdf digital medienproduktion gmbh,39,DEB
klinikum der stadt ludwigshafen am rhein ggmbh,39,DEB
treif maschinenbau gmbh,38,DEB
itac software ag,38,DEB
kobil systems,38,DEB
textbroker eu,38,DEB
mediaman //,38,DEB
textbroker españa,36,DEB
compugroup software gmbh,36,DEB
schott music gmbh & co. kg,36,DEB
dbk group,35,DEB
textbroker nederland,34,DEB
drahtzug stein holding,34,DEB
bito-lagertechnik bittmann gmbh,34,DEB
falk&ross,34,DEB
diakonisches werk,34,DEB
academy of european law (era),34,DEB
kob karl otto braun gmbh & co. kg,34,DEB
renolit,33,DEB
wipotec gmbh,33,DEB
wipotec-ocs,33,DEB
university of koblenz-landau (campus koblenz),33,DEB
framas indonesia,32,DEB
hager group,1703,DEC
villeroy & boch,716,DEC
praktiker,478,DEC
ids scheer,241,DEC
deutsches forschungszentrum für künstliche intelligenz (dfki),238,DEC
omniscriptum publishing group,111,DEC
scheer gmbh,108,DEC
max planck institute for informatics,96,DEC
villeroy & boch gustavsberg ab,96,DEC
orbis ag,83,DEC
ind,71,DEC
bocchiotti s.p.a.,65,DEC
ktp,61,DEC
becker mining systems,53,DEC
cosmosdirekt,49,DEC
ursapharm arzneimittel gmbh,40,DEC
gms global media services gmbh,39,DEC
buhl data service gmbh,37,DEC
crewlink ireland limited,37,DEC
ergosign gmbh,34,DEC
brück®,34,DEC
fraunhofer izfp,31,DEC
schülerhilfe,30,DEC
vensys energy ag,28,DEC
adler vertriebs gmbh & co. werbegeschenke kg,28,DEC
klinikum saarbrücken,24,DEC
kd pharma,23,DEC
data one gmbh,23,DEC
prego services gmbh,22,DEC
phast gmbh,22,DEC
pikon,22,DEC
juris gmbh,22,DEC
herweck ag,21,DEC
retailsolutions,21,DEC
fixemer logistics gmbh,20,DEC
landeshauptstadt saarbrücken,19,DEC
axxcon - interim | consulting | advisory,18,DEC
kist europe,18,DEC
awo saarland,17,DEC
x-aitment gmbh,17,DEC
ikk südwest,17,DEC
gubse ag,17,DEC
sgs-tüv saar gmbh,16,DEC
greencells group,14,DEC
avarteq gmbh,14,DEC
marienhaus dienstleistungen gmbh,14,DEC
kohlpharma gmbh,14,DEC
m&r kreativ,14,DEC
hexonet,13,DEC
eurice - european research and project office gmbh,13,DEC
amphenol-air lb gmbh,13,DEC
semvox gmbh,13,DEC
antz,13,DEC
baugruppe peter gross,13,DEC
dhc business solutions gmbh & co. kg,12,DEC
saarschmiede gmbh freiformschmiede,12,DEC
centigrade gmbh,12,DEC
mha zentgraf gmbh & co. kg,12,DEC
retailsolutions ag,12,DEC
inexio informationstechnologie und telekommunikation kgaa,11,DEC
steag new energies gmbh,11,DEC
contact air technik gmbh,11,DEC
medtron ag,11,DEC
labor cotral gmbh,10,DEC
zürich versicherungen,10,DEC
netmedianer gmbh,10,DEC
schloss dagstuhl,10,DEC
vse net gmbh,10,DEC
karlsberg brauerei gmbh,10,DEC
pluscard service-gesellschaft für kreditkarten-processing mbh,10,DEC
"center for it-security, privacy and accountability (cispa)",10,DEC
stage6 (scooter attack),9,DEC
"cluster of excellence mmci, saarland university",9,DEC
tcpos gmbh,9,DEC
dhc dr. herterich & consultants gmbh,9,DEC
nestlé wagner gmbh,9,DEC
globus fachmärkte gmbh & co. kg,9,DEC
bähr & fess forecasts gmbh,9,DEC
viasit bürositzmöbel gmbh,9,DEC
marienhaus klinikum saarlouis - dillingen,8,DEC
ktp kunststoff palettentechnik gmbh,8,DEC
aws institut für digitale produkte und prozesse ggmbh,8,DEC
fanomena gmbh,8,DEC
saarländischer schwesternverband e.v.,8,DEC
victor's unternehmensgruppe,8,DEC
it inkubator gmbh,8,DEC
varitec ag,8,DEC
ihk saarland,7,DEC
caritasklinikum saarbrücken,7,DEC
sematell gmbh,7,DEC
intel visual computing institute,7,DEC
chambre de commerce française en allemagne (ccfa),7,DEC
abresa gmbh,7,DEC
dept of education,7,DEC
mjr pharmjet gmbh,7,DEC
sparkasse neunkirchen,7,DEC
totalinx,7,DEC
saarländischer rundfunk,7,DEC
billomat gmbh & co. kg,6,DEC
ilc gmbh,6,DEC
tu dresden,1514,DED
asklepios,840,DED
university of leipzig,700,DED
comparex,595,DED
t-systems multimedia solutions gmbh,405,DED
mdr mitteldeutscher rundfunk,368,DED
dde,246,DED
schnellecke logistics,239,DED
tu chemnitz,226,DED
universität leipzig,157,DED
architekturbüro,157,DED
spreadshirt,155,DED
helmholtz-zentrum dresden-rossendorf,149,DED
hhl leipzig graduate school of management,143,DED
aerologic,136,DED
kwv,131,DED
mpi-cbg,124,DED
einzelunternehmer,108,DED
technische universität chemnitz,104,DED
komsa ag,102,DED
diakonie,102,DED
pc-ware,93,DED
european energy exchange ag,92,DED
grundschulen,92,DED
chemnitz university of technology,90,DED
unternehmertum – zentrum für innovation und gründung an der tu münchen,90,DED
vandelay industries,89,DED
von ardenne gmbh,89,DED
htwk leipzig,84,DED
praxis für ergotherapie,81,DED
fraunhofer institute for ceramic technologies and systems ikts,80,DED
max-planck-institute for evolutionary anthropology,78,DED
plastic logic,75,DED
leipziger messe gmbh,71,DED
cyberport,66,DED
preh car connect gmbh,65,DED
mercateo,63,DED
unitedprint se,61,DED
fit+mobil,58,DED
unister gmbh,58,DED
dresden international school,58,DED
fraunhofer institute for cell therapy and immunology,56,DED
lovoo,56,DED
porsche leipzig gmbh,56,DED
weidplas gmbh,56,DED
centro de biotecnologia da amazônia,52,DED
deutsche accumotive gmbh & co. kg,50,DED
zpg plc,50,DED
fraunhofer ipms,49,DED
epago,48,DED
lufthansa bombardier aviation services,48,DED
qiq qcentris intelligent quality gmbh,47,DED
saveco,47,DED
fraunhofer enas,46,DED
ehrhardt + partner gmbh & co. kg,43,DED
postbank finanzberatung,43,DED
aok plus,42,DED
zmdi,42,DED
robotron datenbank-software gmbh,41,DED
bank für sozialwirtschaft ag,41,DED
eka,40,DED
3d-micromac ag,40,DED
pitzi,40,DED
kiwigrid gmbh,39,DED
das environmental expert gmbh,38,DED
architekturbüro,37,DED
"opterra gmbh, a crh company",37,DED
lecturio gmbh,37,DED
pro-pharma llc,35,DED
mellowmessage gmbh | digital marketing agentur für b2b unternehmen,35,DED
saxoprint,35,DED
oui gruppe gmbh & co.kg,34,DED
fraunhofer imw,34,DED
synexus clinical research gmbh,33,DED
las vegas,33,DED
otto group solution provider (osp),33,DED
dental tribune international,33,DED
freistaat sachsen,33,DED
max planck institute for mathematics in the sciences,32,DED
staffbase (#1 employee app solution),32,DED
universitätsklinikum leipzig,32,DED
iproplan planungsgesellschaft mbh,32,DED
elbe flugzeugwerke gmbh,32,DED
esi iti (simulationx),31,DED
communardo software gmbh,31,DED
fraunhofer fep,31,DED
heliatek gmbh,31,DED
queo gmbh,30,DED
arts - extending your success,30,DED
händlerbund e.v.,29,DED
weishaupt,29,DED
albis-elcon,29,DED
ipoque,29,DED
berufskolleg,29,DED
ais automation dresden gmbh,29,DED
"fraunhofer institute for integrated circuits iis, design automation division eas",29,DED
vosla gmbh,29,DED
itaricon digital customer solutions,28,DED
systema gmbh,28,DED
unister holding gmbh,27,DED
ibm client innovation centers europe,589,DEE
otto-von-guericke university magdeburg,199,DEE
idt biologika,179,DEE
leibniz institute for neurobiology,49,DEE
fraunhofer institute for factory operation and automation iff,46,DEE
pflegeheim,44,DEE
regiocom gmbh,43,DEE
solibro gmbh,35,DEE
ifa rotorion - powertrain gmbh,33,DEE
cbw,30,DEE
leibniz institute of plant biochemistry,30,DEE
schuberth,27,DEE
dekra se,27,DEE
max planck institute of microstructure physics,26,DEE
vem motors gmbh,25,DEE
förderschule,23,DEE
evolution personalvermittlungsgesellschaft mbh,22,DEE
universitätsklinikum halle (saale),20,DEE
k&m group,19,DEE
borek it sourcing pvt. ltd.,18,DEE
mkm mansfelder kupfer und messing,17,DEE
icubic ag,15,DEE
borek media gmbh,15,DEE
mwg,15,DEE
mibe gmbh arzneimittel,14,DEE
leibniz-institut für wirtschaftsforschung halle (iwh),14,DEE
fangmann energy services,14,DEE
yourserveradmin,13,DEE
colruyt,13,DEE
pwu,13,DEE
top shop,12,DEE
"zra, llc",12,DEE
probiodrug,12,DEE
addinol lube oil gmbh,12,DEE
mitteldeutsche netzgesellschaft strom mbh,11,DEE
pumpenfabrik wangen gmbh,11,DEE
calyxo gmbh,11,DEE
zellstoff stendal gmbh,11,DEE
balfour beatty rail gmbh,11,DEE
vhs-bildungswerk gmbh,11,DEE
global young academy,11,DEE
motionworks gmbh,10,DEE
cbos,10,DEE
sap ucc magdeburg,10,DEE
nessa,10,DEE
ilsenburger grobblech gmbh,10,DEE
kötter security,10,DEE
sovello ag,10,DEE
2b ahead thinktank,10,DEE
haftpflichtkasse darmstadt,10,DEE
eurokommerz,9,DEE
csie,9,DEE
milk and honey,9,DEE
bloopark systems gmbh & co. kg,9,DEE
leibniz institute for neurobiology,9,DEE
dow olefinverbund gmbh,9,DEE
lintra,9,DEE
ioclarity,9,DEE
wimex s.r.l.,9,DEE
sensotech gmbh,9,DEE
schirm gmbh,9,DEE
wäscherei,9,DEE
travelping gmbh,8,DEE
ics adminservice gmbh,8,DEE
thermolux,8,DEE
klinikum magdeburg,8,DEE
investitions- und marketinggesellschaft sachsen-anhalt mbh,8,DEE
bg klinikum bergmannstrost halle,8,DEE
transformations,8,DEE
promecon,8,DEE
dögel gmbh,8,DEE
prologa gmbh,8,DEE
skw stickstoffwerke piesteritz gmbh,8,DEE
ikk gesund plus,7,DEE
kulturstiftung des bundes,7,DEE
doppstadt calbe gmbh,7,DEE
innotec deutschland,7,DEE
baxter oncology gmbh,7,DEE
schiess gmbh,7,DEE
mol katalysatortechnik gmbh,7,DEE
traductio übersetzungen & sprachtraining,7,DEE
demos gesellschaft für e-partizipation mbh,7,DEE
sonotec ultrasonic solutions,6,DEE
citim gmbh,6,DEE
rudolf hensel gmbh,6,DEE
klemme ag,6,DEE
velde boilers and plants gmbh,6,DEE
verlag fuer chemische industrie,6,DEE
chocotech gmbh,6,DEE
kraiburg relastec gmbh & co. kg,6,DEE
procom-bestmann,6,DEE
connex steuer- und wirtschaftsberatung gmbh,6,DEE
relaxdays gmbh,6,DEE
nowtilus onlinevertriebsgesellschaft mbh,6,DEE
quinsol,6,DEE
digital images,6,DEE
ultra tendency,6,DEE
slm kunststofftechnik gmbh,6,DEE
advanto software,6,DEE
embedded office,5,DEE
dräger,2980,DEF
tesa se,783,DEF
lufthansa industry solutions,276,DEF
aco,250,DEF
yamaha music europe,229,DEF
oldendorff carriers gmbh & co. kg,214,DEF
minimax gmbh & co. kg,193,DEF
sysmex europe,191,DEF
helmholtz-zentrum geesthacht zentrum für material- und küstenforschung,163,DEF
basler ag,142,DEF
comdirect bank ag,141,DEF
psychotherapeutische praxis,127,DEF
europa-universität flensburg,118,DEF
bilfinger greylogix gmbh,111,DEF
secop,108,DEF
bs payone gmbh,96,DEF
getriebebau nord gmbh & co. kg,83,DEF
behörde für schule und berufsbildung,80,DEF
johnson & johnson medical gmbh,80,DEF
raytheon anschuetz,78,DEF
euroimmun medizinische labordiagnostika ag,75,DEF
european xfel,71,DEF
universitätsklinikum schleswig-holstein,66,DEF
allergopharma gmbh & co. kg,65,DEF
lpc,63,DEF
minimax,59,DEF
fleggaard,58,DEF
university of applied sciences lübeck,57,DEF
tt-line,57,DEF
praxis für psychotherapie,56,DEF
menck gmbh,55,DEF
dr. klein & co. ag,55,DEF
eyes and more,55,DEF
hellermanntyton deutschland,49,DEF
universität zu lübeck,47,DEF
hier,45,DEF
bod (books on demand),44,DEF
slm solutions group ag,44,DEF
fipo group,44,DEF
ghd gesundheits gmbh deutschland,43,DEF
designa gmbh,42,DEF
darag deutsche versicherungs- und rückversicherungs-ag,41,DEF
intermed,41,DEF
queisser pharma,38,DEF
nobiskrug gmbh,36,DEF
köster gmbh,35,DEF
kiel institute for the world economy,34,DEF
baader linco,34,DEF
secop,34,DEF
sauer compressors,33,DEF
vivanco,33,DEF
zbw - leibniz-informationszentrum wirtschaft,33,DEF
wirtschaftsakademie schleswig-holstein gmbh,32,DEF
raffinerie heide gmbh,32,DEF
esl,31,DEF
fls – fast lean smart,31,DEF
tomra sorting mining,30,DEF
gebeco,30,DEF
schön klinik bad bramstedt,30,DEF
vehrs inc.,29,DEF
interschalt maritime systems ag,29,DEF
garten- und landschaftsbau,29,DEF
casio europe gmbh,29,DEF
consensus,28,DEF
mankenberg gmbh,28,DEF
aequitas group,27,DEF
formaxx ag,27,DEF
unisafe,27,DEF
lapmaster wolters gmbh,27,DEF
gebäudereinigung,26,DEF
kfh kuratorium für dialyse und nierentransplantation e.v.,26,DEF
logopak systeme gmbh & co. kg,25,DEF
max planck institute for evolutionary biology,25,DEF
plato ag,24,DEF
frs förde reederei seetouristik gmbh & co. kg,24,DEF
mho,24,DEF
markenfilm gmbh & co kg,24,DEF
mrt services,23,DEF
infodesign,22,DEF
nordmark arzneimittel gmbh & co. kg,22,DEF
hausmann immobilien beratung makler und verwalter,21,DEF
qda solutions,21,DEF
drager medical gmbh,21,DEF
vitalaire gmbh,20,DEF
pohl boskamp,20,DEF
dvse gmbh,20,DEF
bernt lorentz gmbh & co. kg,20,DEF
hela spice canada inc.,20,DEF
detlev louis motorradvertriebs gmbh,20,DEF
taplow executive search,19,DEF
stadtwerke kiel ag,19,DEF
storecast,19,DEF
mint media interactive software systems gmbh,19,DEF
schwartauer werke gmbh & co. kgaa,19,DEF
elbkinder - vereinigung hamburger kindertagesstätten ggmbh,18,DEF
m-u-t ag,18,DEF
trioptics gmbh optische instrumente,18,DEF
addix inc.,18,DEF
waldorfschule,18,DEF
autoflug gmbh,18,DEF
carl zeiss meditec ag,1348,DEG
zeiss microscopy,627,DEG
x-fab,413,DEG
tu ilmenau,361,DEG
masdar (abu dhabi future energy company),264,DEG
jenoptik ag,190,DEG
analytik jena ag,138,DEG
intershop communications,125,DEG
telemotive ag,111,DEG
university of erfurt,97,DEG
allied vision,93,DEG
schott technical glass solutions gmbh,87,DEG
stratec biomedical ag,77,DEG
jenoptik ag,71,DEG
leibniz institute for natural product research and infection biology - hans knöll institute,62,DEG
vistec,59,DEG
leibniz institute for age research - fritz lipmann institute (fli),53,DEG
q-soft,50,DEG
max planck institute for biogeochemistry,46,DEG
sepp.med gmbh,46,DEG
dotsource gmbh,46,DEG
heimische landwirtschaft,42,DEG
stratec biomedical uk limited,40,DEG
fraunhofer idmt,36,DEG
robot,36,DEG
qundis gmbh,34,DEG
dussmann service deutschland gmbh,33,DEG
be excellent gmbh,31,DEG
x-label gmbh,30,DEG
gewo ( government employees welfare oganisation),30,DEG
karsten tönniges,29,DEG
petkus technologie gmbh,29,DEG
seal systems ag,25,DEG
stiftung,25,DEG
bluechip computer ag,25,DEG
n3 engine overhaul services gmbh & co kg,24,DEG
docter optics gmbh,24,DEG
göpel electronic gmbh,23,DEG
easterngraphics,22,DEG
bauhaus-universität weimar,22,DEG
gzs,20,DEG
mitec automotive ag,20,DEG
mypegasus gmbh,20,DEG
edeka markt,19,DEG
asclepion laser technologies gmbh,19,DEG
rosskopf & partner ag,18,DEG
ruhlamat gmbh,17,DEG
saller,17,DEG
iubh duales studium,17,DEG
modis it outsourcing gmbh,16,DEG
fefa,16,DEG
vossloh-schwabe deutschland gmbh,16,DEG
di-soric gmbh & co. kg,16,DEG
e.l.t. the english language trainers gmbh,15,DEG
goepel electronics,14,DEG
epc engineering consulting gmbh,14,DEG
igniti gmbh,14,DEG
ibykus ag für informationstechnologie,14,DEG
hammel recyclingtechnik gmbh,14,DEG
indu-sol gmbh,14,DEG
ezono ag,14,DEG
ibu-tec advanced materials ag,14,DEG
jena-optronik gmbh,14,DEG
cuculus gmbh,13,DEG
kahla/thüringen porzellan gmbh,13,DEG
schott solar wafer gmbh,13,DEG
jenoptik optical systems gmbh,13,DEG
k-utec ag salt technologies,13,DEG
emergency medical service,12,DEG
klassik stiftung weimar,12,DEG
quorion data systems gmbh,12,DEG
ironshark gmbh,12,DEG
ajz engineering gmbh,12,DEG
jena business development,12,DEG
friseur masson ag,12,DEG
agroservice,11,DEG
schock metallwerk gmbh,11,DEG
marien apotheke,11,DEG
srh zentralklinikum suhl,11,DEG
thüringer landesrechenzentrum,11,DEG
schmidt technology gmbh,11,DEG
eschbachit gmbh,11,DEG
imms ggmbh,11,DEG
thimm packaging,11,DEG
masdar pv gmbh,11,DEG
betreuung zu hause e.v.,11,DEG
klinikum bad salzungen gmbh,11,DEG
conventus congressmanagement & marketing gmbh,11,DEG
cybio,10,DEG
qsil quarzschmelze ilmenau gmbh,10,DEG
messe erfurt gmbh,10,DEG
gutmann group,10,DEG
schöler gmbh,10,DEG
hm informatik ag,10,DEG
bfe institut für energie und umwelt gmbh,10,DEG
ageto,10,DEG
thüringer aufbaubank,10,DEG
xceptance,10,DEG
7s group gmbh,9,DEG
innovent e.v. technologieentwicklung jena,9,DEG
